Workbook
Name Slicer_BMI: #N/A
Name Slicer_Cancer_history: #N/A
Name Slicer_charges: #N/A
Name Slicer_Diabetes_status: #N/A
Name Slicer_HBA1C: #N/A
Name Slicer_Weight_status: #N/A

Sheet Customer Names
A1: Customer ID | B1: name | C1: Title | D1: First name | E1: Last name
A2: Id1 | B2: Hawks, Ms. Kelly | C2: Ms | D2: Kelly | E2: Hawks
A3: Id2 | B3: Lehner, Mr. Matthew D | C3: Mr | D3: Matthew D | E3: Lehner
A4: Id3 | B4: Lu, Mr. Phil | C4: Mr | D4: Phil | E4: Lu
A5: Id4 | B5: Osborne, Ms. Kelsey | C5: Ms | D5: Kelsey | E5: Osborne
A6: Id5 | B6: Kadala, Ms. Kristyn | C6: Ms | D6: Kristyn | E6: Kadala
A7: Id6 | B7: Baker, Mr. Russell B. | C7: Mr | D7: Russell B | E7: Baker
A8: Id7 | B8: Macpherson, Mr. Scott | C8: Mr | D8: Scott | E8: Macpherson
A9: Id8 | B9: Hallman, Mr. Stephen | C9: Mr | D9: Stephen | E9: Hallman
A10: Id9 | B10: Moran, Mr. Patrick R. | C10: Mr | D10: Patrick R | E10: Moran
A11: Id10 | B11: Benner, Ms. Brooke N. | C11: Ms | D11: Brooke N | E11: Benner
A12: Id11 | B12: Fierro Vargas, Ms. Paola Andrea | C12: Ms | D12: Paola Andrea | E12: Fierro Vargas
... A2336: Id2335 | B2336: German, Mr. Aaron K | C2336: Mr | D2336: Aaron K | E2336: German

Sheet Medical Examinations
A1: Customer ID | B1: BMI | C1: HBA1C | D1: Heart Issues | E1: Any Transplants | F1: Cancer history | G1: NumberOfMajorSurgeries | H1: smoker | I1: Frequenlty occuring value in smoker | J1: Heart issue | K1: Smoker | L1: Weight status | M1: Diabetes status
A2: Id1 | B2: 47.41 | C2: 7.47 | D2: No | E2: No | F2: No | G2: 0 | H2: yes | I2: =IF(COUNTIF(H2:H560,"yes")>COUNTIF(H2:H560,"no"),"yes","no") -> yes | J2: =IF(OR(D2="Yes",D2="No"),"Correct","Check Value") -> Correct | K2: =IF(OR(H2="Yes",H2="No"),"Correct","Check Value") -> Correct | L2: =IF(B2<18.5,"Underweight",IF(B2<25,"Normal Weight",IF(B2<30,"Overweight","Obesity"))) -> Obesity | M2: =IF(C2<5.7,"Normal",IF(C2<=6.4,"Prediabetes","Diabetes")) -> Diabetes
A3: Id2 | B3: 30.36 | C3: 5.77 | D3: No | E3: No | F3: No | G3: 0 | H3: yes | L3: =IF(B3<18.5,"Underweight",IF(B3<25,"Normal Weight",IF(B3<30,"Overweight","Obesity"))) -> Obesity | M3: =IF(C3<5.7,"Normal",IF(C3<=6.4,"Prediabetes","Diabetes")) -> Prediabetes
A4: Id3 | B4: 34.485 | C4: 11.87 | D4: yes | E4: No | F4: No | G4: 2 | H4: yes | L4: =IF(B4<18.5,"Underweight",IF(B4<25,"Normal Weight",IF(B4<30,"Overweight","Obesity"))) -> Obesity | M4: =IF(C4<5.7,"Normal",IF(C4<=6.4,"Prediabetes","Diabetes")) -> Diabetes
A5: Id4 | B5: 38.095 | C5: 6.05 | D5: No | E5: No | F5: No | G5: 0 | H5: yes | L5: =IF(B5<18.5,"Underweight",IF(B5<25,"Normal Weight",IF(B5<30,"Overweight","Obesity"))) -> Obesity | M5: =IF(C5<5.7,"Normal",IF(C5<=6.4,"Prediabetes","Diabetes")) -> Prediabetes
A6: Id5 | B6: 35.53 | C6: 5.45 | D6: No | E6: No | F6: No | G6: 0 | H6: yes | L6: =IF(B6<18.5,"Underweight",IF(B6<25,"Normal Weight",IF(B6<30,"Overweight","Obesity"))) -> Obesity | M6: =IF(C6<5.7,"Normal",IF(C6<=6.4,"Prediabetes","Diabetes")) -> Normal
A7: Id6 | B7: 32.8 | C7: 6.59 | D7: No | E7: No | F7: No | G7: 0 | H7: yes | L7: =IF(B7<18.5,"Underweight",IF(B7<25,"Normal Weight",IF(B7<30,"Overweight","Obesity"))) -> Obesity | M7: =IF(C7<5.7,"Normal",IF(C7<=6.4,"Prediabetes","Diabetes")) -> Diabetes
A8: Id7 | B8: 36.4 | C8: 6.07 | D8: No | E8: No | F8: No | G8: 0 | H8: yes | L8: =IF(B8<18.5,"Underweight",IF(B8<25,"Normal Weight",IF(B8<30,"Overweight","Obesity"))) -> Obesity | M8: =IF(C8<5.7,"Normal",IF(C8<=6.4,"Prediabetes","Diabetes")) -> Prediabetes
A9: Id8 | B9: 36.96 | C9: 7.93 | D9: No | E9: No | F9: No | G9: 3 | H9: yes | L9: =IF(B9<18.5,"Underweight",IF(B9<25,"Normal Weight",IF(B9<30,"Overweight","Obesity"))) -> Obesity | M9: =IF(C9<5.7,"Normal",IF(C9<=6.4,"Prediabetes","Diabetes")) -> Diabetes
A10: Id9 | B10: 41.14 | C10: 9.58 | D10: yes | E10: No | F10: Yes | G10: 1 | H10: yes | L10: =IF(B10<18.5,"Underweight",IF(B10<25,"Normal Weight",IF(B10<30,"Overweight","Obesity"))) -> Obesity | M10: =IF(C10<5.7,"Normal",IF(C10<=6.4,"Prediabetes","Diabetes")) -> Diabetes
A11: Id10 | B11: 38.06 | C11: 10.79 | D11: No | E11: No | F11: No | G11: 0 | H11: yes | L11: =IF(B11<18.5,"Underweight",IF(B11<25,"Normal Weight",IF(B11<30,"Overweight","Obesity"))) -> Obesity | M11: =IF(C11<5.7,"Normal",IF(C11<=6.4,"Prediabetes","Diabetes")) -> Diabetes
A12: Id11 | B12: 37.7 | C12: 5.96 | D12: yes | E12: No | F12: No | G12: 2 | H12: yes | L12: =IF(B12<18.5,"Underweight",IF(B12<25,"Normal Weight",IF(B12<30,"Overweight","Obesity"))) -> Obesity | M12: =IF(C12<5.7,"Normal",IF(C12<=6.4,"Prediabetes","Diabetes")) -> Prediabetes
A13: Id12 | B13: 42.13 | C13: 11.9 | D13: No | E13: No | F13: No | G13: 0 | H13: yes | L13: =IF(B13<18.5,"Underweight",IF(B13<25,"Normal Weight",IF(B13<30,"Overweight","Obesity"))) -> Obesity | M13: =IF(C13<5.7,"Normal",IF(C13<=6.4,"Prediabetes","Diabetes")) -> Diabetes
A14: Id13 | B14: 40.92 | C14: 8.41 | D14: No | E14: No | F14: No | G14: 0 | H14: yes | L14: =IF(B14<18.5,"Underweight",IF(B14<25,"Normal Weight",IF(B14<30,"Overweight","Obesity"))) -> Obesity | M14: =IF(C14<5.7,"Normal",IF(C14<=6.4,"Prediabetes","Diabetes")) -> Diabetes
... A2336: Id2335 | B2336: 17.58 | C2336: 4.51 | D2336: No | E2336: No | F2336: No | G2336: 1 | H2336: No | L2336: =IF(B2336<18.5,"Underweight",IF(B2336<25,"Normal Weight",IF(B2336<30,"Overweight","Obesity"))) -> Underweight | M2336: =IF(C2336<5.7,"Normal",IF(C2336<=6.4,"Prediabetes","Diabetes")) -> Normal

Sheet Hospitalisation Details
A1: Customer ID | B1: year | C1: month | D1: date | E1: children | F1: charges | G1: Hospital tier | H1: City tier | I1: State ID | J1: Average rounded year | K1: Frequenlty occuring value in Hospital tire | L1: frequenlty used city tire | M1: Date of birth | N1: Age
A2: No value | B2: 1992 | C2: Jul | D2: 9 | E2: 0 | F2: 563.84 | G2: tier - 2 | H2: tier - 3 | I2: R1013 | J2: =ROUND(AVERAGE(B2:B2344),0) -> 1983 | K2: =IF(COUNTIF(G2:G2344,"tier - 2")>COUNTIF(G2:G2344,"tier - 3"),IF(COUNTIF(G2:G2344,"tier - 2")>COUNTIF(G2:G2344,"tier - 1"),"tier - 2","tier - 1"),IF(COUNTIF(G2:G2344,"tier - 3")>COUNTIF(G2:G2344,"tier - 1"),"tier - 3","tier - 1")) -> tier - 2 | M2: =CONCATENATE(D2,"-",C2,"-",B2) -> 9-Jul-1992 | N2: =DATEDIF(M2,DATE(2023,6,8),"Y") -> 30
A3: No value | B3: 1992 | C3: Nov | D3: 30 | E3: 0 | F3: 570.62 | G3: tier - 2 | H3: tier - 1 | I3: R1013 | M3: =CONCATENATE(D3,"-",C3,"-",B3) -> 30-Nov-1992 | N3: =DATEDIF(M3,DATE(2023,6,8),"Y") -> 30
A4: No value | B4: 1993 | C4: Jun | D4: 30 | E4: 0 | F4: 600 | G4: tier - 2 | H4: tier - 1 | I4: R1013 | M4: =CONCATENATE(D4,"-",C4,"-",B4) -> 30-Jun-1993 | N4: =DATEDIF(M4,DATE(2023,6,8),"Y") -> 29
A5: No value | B5: 1992 | C5: Sep | D5: 13 | E5: 0 | F5: 604.54 | G5: tier - 3 | H5: tier - 3 | I5: R1013 | M5: =CONCATENATE(D5,"-",C5,"-",B5) -> 13-Sep-1992 | N5: =DATEDIF(M5,DATE(2023,6,8),"Y") -> 30
A6: No value | B6: 1998 | C6: Jul | D6: 27 | E6: 0 | F6: 637.26 | G6: tier - 3 | H6: tier - 3 | I6: R1013 | M6: =CONCATENATE(D6,"-",C6,"-",B6) -> 27-Jul-1998 | N6: =DATEDIF(M6,DATE(2023,6,8),"Y") -> 24
A7: No value | B7: 2001 | C7: Nov | D7: 20 | E7: 0 | F7: 646.14 | G7: tier - 3 | H7: tier - 3 | I7: R1012 | M7: =CONCATENATE(D7,"-",C7,"-",B7) -> 20-Nov-2001 | N7: =DATEDIF(M7,DATE(2023,6,8),"Y") -> 21
A8: Id1 | B8: 1993 | C8: Jun | D8: 1 | E8: 0 | F8: 650 | G8: tier - 3 | H8: tier - 3 | I8: R1013 | M8: =CONCATENATE(D8,"-",C8,"-",B8) -> 1-Jun-1993 | N8: =DATEDIF(M8,DATE(2023,6,8),"Y") -> 30
A9: Id10 | B9: 1995 | C9: Jul | D9: 4 | E9: 0 | F9: 650 | G9: tier - 3 | H9: tier - 3 | I9: R1013 | M9: =CONCATENATE(D9,"-",C9,"-",B9) -> 4-Jul-1995 | N9: =DATEDIF(M9,DATE(2023,6,8),"Y") -> 27
A10: Id100 | B10: 2002 | C10: Nov | D10: 29 | E10: 0 | F10: 668 | G10: tier - 3 | H10: tier - 2 | I10: R1012 | M10: =CONCATENATE(D10,"-",C10,"-",B10) -> 29-Nov-2002 | N10: =DATEDIF(M10,DATE(2023,6,8),"Y") -> 20
A11: Id1000 | B11: 1997 | C11: Nov | D11: 9 | E11: 0 | F11: 670 | G11: tier - 3 | H11: tier - 3 | I11: R1013 | M11: =CONCATENATE(D11,"-",C11,"-",B11) -> 9-Nov-1997 | N11: =DATEDIF(M11,DATE(2023,6,8),"Y") -> 25
A12: Id1001 | B12: 2001 | C12: Sep | D12: 12 | E12: 0 | F12: 687.54 | G12: tier - 3 | H12: tier - 2 | I12: R1013 | M12: =CONCATENATE(D12,"-",C12,"-",B12) -> 12-Sep-2001 | N12: =DATEDIF(M12,DATE(2023,6,8),"Y") -> 21
A13: Id1002 | B13: 1999 | C13: Dec | D13: 26 | E13: 0 | F13: 700 | G13: No value | H13: tier - 3 | I13: R1013 | M13: =CONCATENATE(D13,"-",C13,"-",B13) -> 26-Dec-1999 | N13: =DATEDIF(M13,DATE(2023,6,8),"Y") -> 23
A14: Id1003 | B14: 1999 | C14: Dec | D14: 14 | E14: 0 | F14: 722.99 | G14: tier - 3 | H14: tier - 1 | I14: R1013 | M14: =CONCATENATE(D14,"-",C14,"-",B14) -> 14-Dec-1999 | N14: =DATEDIF(M14,DATE(2023,6,8),"Y") -> 23
... A2344: Id999 | B2344: 1968 | C2344: Oct | D2344: 12 | E2344: 0 | F2344: 63770.43 | G2344: tier - 1 | H2344: tier - 3 | I2344: R1013 | M2344: =CONCATENATE(D2344,"-",C2344,"-",B2344) -> 12-Oct-1968 | N2344: =DATEDIF(M2344,DATE(2023,6,8),"Y") -> 54

Sheet combained table
A1: Customer ID | B1: First name | C1: BMI | D1: HBA1C | E1: Heart Issues | F1: Any Transplants | G1: Cancer history | H1: NumberOfMajorSurgeries | I1: Diabetes status | J1: smoker | K1: Weight status | L1: year | M1: month | N1: date | O1: Date of birth | P1: charges | Q1: Hospital tier | R1: City tier | S1: State ID | T1: Age
A2: Id1 | B2: Kelly | C2: 47.41 | D2: 7.47 | E2: No | F2: No | G2: No | H2: 0 | I2: =IF(D2<5.7,"Normal",IF(D2<=6.4,"Prediabetes","Diabetes")) -> Diabetes | J2: yes | K2: =IF(C2<18.5,"Underweight",IF(C2<25,"Normal Weight",IF(C2<30,"Overweight","Obesity"))) -> Obesity | L2: 1992 | M2: Jul | N2: 9 | O2: =CONCATENATE(N2,"-",M2,"-",L2) -> 9-Jul-1992 | P2: 563.84 | Q2: tier - 2 | R2: tier - 3 | S2: R1013 | T2: =DATEDIF(DATEVALUE(SUBSTITUTE(O2,"-"," ")),DATE(2023,6,8),"Y") -> 30
A3: Id2 | B3: Matthew D | C3: 30.36 | D3: 5.77 | E3: No | F3: No | G3: No | H3: 0 | I3: =IF(D3<5.7,"Normal",IF(D3<=6.4,"Prediabetes","Diabetes")) -> Prediabetes | J3: yes | K3: =IF(C3<18.5,"Underweight",IF(C3<25,"Normal Weight",IF(C3<30,"Overweight","Obesity"))) -> Obesity | L3: 1992 | M3: Nov | N3: 30 | O3: =CONCATENATE(N3,"-",M3,"-",L3) -> 30-Nov-1992 | P3: 570.62 | Q3: tier - 2 | R3: tier - 1 | S3: R1013 | T3: =DATEDIF(DATEVALUE(SUBSTITUTE(O3,"-"," ")),DATE(2023,6,8),"Y") -> 30
A4: Id3 | B4: Phil | C4: 34.485 | D4: 11.87 | E4: yes | F4: No | G4: No | H4: 2 | I4: =IF(D4<5.7,"Normal",IF(D4<=6.4,"Prediabetes","Diabetes")) -> Diabetes | J4: yes | K4: =IF(C4<18.5,"Underweight",IF(C4<25,"Normal Weight",IF(C4<30,"Overweight","Obesity"))) -> Obesity | L4: 1993 | M4: Jun | N4: 30 | O4: =CONCATENATE(N4,"-",M4,"-",L4) -> 30-Jun-1993 | P4: 600 | Q4: tier - 2 | R4: tier - 1 | S4: R1013 | T4: =DATEDIF(DATEVALUE(SUBSTITUTE(O4,"-"," ")),DATE(2023,6,8),"Y") -> 29
A5: Id4 | B5: Kelsey | C5: 38.095 | D5: 6.05 | E5: No | F5: No | G5: No | H5: 0 | I5: =IF(D5<5.7,"Normal",IF(D5<=6.4,"Prediabetes","Diabetes")) -> Prediabetes | J5: yes | K5: =IF(C5<18.5,"Underweight",IF(C5<25,"Normal Weight",IF(C5<30,"Overweight","Obesity"))) -> Obesity | L5: 1992 | M5: Sep | N5: 13 | O5: =CONCATENATE(N5,"-",M5,"-",L5) -> 13-Sep-1992 | P5: 604.54 | Q5: tier - 3 | R5: tier - 3 | S5: R1013 | T5: =DATEDIF(DATEVALUE(SUBSTITUTE(O5,"-"," ")),DATE(2023,6,8),"Y") -> 30
A6: Id5 | B6: Kristyn | C6: 35.53 | D6: 5.45 | E6: No | F6: No | G6: No | H6: 0 | I6: =IF(D6<5.7,"Normal",IF(D6<=6.4,"Prediabetes","Diabetes")) -> Normal | J6: yes | K6: =IF(C6<18.5,"Underweight",IF(C6<25,"Normal Weight",IF(C6<30,"Overweight","Obesity"))) -> Obesity | L6: 1998 | M6: Jul | N6: 27 | O6: =CONCATENATE(N6,"-",M6,"-",L6) -> 27-Jul-1998 | P6: 637.26 | Q6: tier - 3 | R6: tier - 3 | S6: R1013 | T6: =DATEDIF(DATEVALUE(SUBSTITUTE(O6,"-"," ")),DATE(2023,6,8),"Y") -> 24
A7: Id6 | B7: Russell B | C7: 32.8 | D7: 6.59 | E7: No | F7: No | G7: No | H7: 0 | I7: =IF(D7<5.7,"Normal",IF(D7<=6.4,"Prediabetes","Diabetes")) -> Diabetes | J7: yes | K7: =IF(C7<18.5,"Underweight",IF(C7<25,"Normal Weight",IF(C7<30,"Overweight","Obesity"))) -> Obesity | L7: 2001 | M7: Nov | N7: 20 | O7: =CONCATENATE(N7,"-",M7,"-",L7) -> 20-Nov-2001 | P7: 646.14 | Q7: tier - 3 | R7: tier - 3 | S7: R1012 | T7: =DATEDIF(DATEVALUE(SUBSTITUTE(O7,"-"," ")),DATE(2023,6,8),"Y") -> 21
A8: Id7 | B8: Scott | C8: 36.4 | D8: 6.07 | E8: No | F8: No | G8: No | H8: 0 | I8: =IF(D8<5.7,"Normal",IF(D8<=6.4,"Prediabetes","Diabetes")) -> Prediabetes | J8: yes | K8: =IF(C8<18.5,"Underweight",IF(C8<25,"Normal Weight",IF(C8<30,"Overweight","Obesity"))) -> Obesity | L8: 1993 | M8: Jun | N8: 1 | O8: =CONCATENATE(N8,"-",M8,"-",L8) -> 1-Jun-1993 | P8: 650 | Q8: tier - 3 | R8: tier - 3 | S8: R1013 | T8: =DATEDIF(DATEVALUE(SUBSTITUTE(O8,"-"," ")),DATE(2023,6,8),"Y") -> 30
A9: Id8 | B9: Stephen | C9: 36.96 | D9: 7.93 | E9: No | F9: No | G9: No | H9: 3 | I9: =IF(D9<5.7,"Normal",IF(D9<=6.4,"Prediabetes","Diabetes")) -> Diabetes | J9: yes | K9: =IF(C9<18.5,"Underweight",IF(C9<25,"Normal Weight",IF(C9<30,"Overweight","Obesity"))) -> Obesity | L9: 1995 | M9: Jul | N9: 4 | O9: =CONCATENATE(N9,"-",M9,"-",L9) -> 4-Jul-1995 | P9: 650 | Q9: tier - 3 | R9: tier - 3 | S9: R1013 | T9: =DATEDIF(DATEVALUE(SUBSTITUTE(O9,"-"," ")),DATE(2023,6,8),"Y") -> 27
A10: Id9 | B10: Patrick R | C10: 41.14 | D10: 9.58 | E10: yes | F10: No | G10: Yes | H10: 1 | I10: =IF(D10<5.7,"Normal",IF(D10<=6.4,"Prediabetes","Diabetes")) -> Diabetes | J10: yes | K10: =IF(C10<18.5,"Underweight",IF(C10<25,"Normal Weight",IF(C10<30,"Overweight","Obesity"))) -> Obesity | L10: 2002 | M10: Nov | N10: 29 | O10: =CONCATENATE(N10,"-",M10,"-",L10) -> 29-Nov-2002 | P10: 668 | Q10: tier - 3 | R10: tier - 2 | S10: R1012 | T10: =DATEDIF(DATEVALUE(SUBSTITUTE(O10,"-"," ")),DATE(2023,6,8),"Y") -> 20
A11: Id10 | B11: Brooke N | C11: 38.06 | D11: 10.79 | E11: No | F11: No | G11: No | H11: 0 | I11: =IF(D11<5.7,"Normal",IF(D11<=6.4,"Prediabetes","Diabetes")) -> Diabetes | J11: yes | K11: =IF(C11<18.5,"Underweight",IF(C11<25,"Normal Weight",IF(C11<30,"Overweight","Obesity"))) -> Obesity | L11: 1997 | M11: Nov | N11: 9 | O11: =CONCATENATE(N11,"-",M11,"-",L11) -> 9-Nov-1997 | P11: 670 | Q11: tier - 3 | R11: tier - 3 | S11: R1013 | T11: =DATEDIF(DATEVALUE(SUBSTITUTE(O11,"-"," ")),DATE(2023,6,8),"Y") -> 25
A12: Id11 | B12: Paola Andrea | C12: 37.7 | D12: 5.96 | E12: yes | F12: No | G12: No | H12: 2 | I12: =IF(D12<5.7,"Normal",IF(D12<=6.4,"Prediabetes","Diabetes")) -> Prediabetes | J12: yes | K12: =IF(C12<18.5,"Underweight",IF(C12<25,"Normal Weight",IF(C12<30,"Overweight","Obesity"))) -> Obesity | L12: 2001 | M12: Sep | N12: 12 | O12: =CONCATENATE(N12,"-",M12,"-",L12) -> 12-Sep-2001 | P12: 687.54 | Q12: tier - 3 | R12: tier - 2 | S12: R1013 | T12: =DATEDIF(DATEVALUE(SUBSTITUTE(O12,"-"," ")),DATE(2023,6,8),"Y") -> 21
A13: Id12 | B13: David | C13: 42.13 | D13: 11.9 | E13: No | F13: No | G13: No | H13: 0 | I13: =IF(D13<5.7,"Normal",IF(D13<=6.4,"Prediabetes","Diabetes")) -> Diabetes | J13: yes | K13: =IF(C13<18.5,"Underweight",IF(C13<25,"Normal Weight",IF(C13<30,"Overweight","Obesity"))) -> Obesity | L13: 1999 | M13: Dec | N13: 26 | O13: =CONCATENATE(N13,"-",M13,"-",L13) -> 26-Dec-1999 | P13: 700 | Q13: No value | R13: tier - 3 | S13: R1013 | T13: =DATEDIF(DATEVALUE(SUBSTITUTE(O13,"-"," ")),DATE(2023,6,8),"Y") -> 23
... A560: Id559 | B560: Angela M | C560: 28.88 | D560: 5.35 | E560: No | F560: No | G560: Yes | H560: 1 | I560: =IF(D560<5.7,"Normal",IF(D560<=6.4,"Prediabetes","Diabetes")) -> Normal | J560: yes | K560: =IF(C560<18.5,"Underweight",IF(C560<25,"Normal Weight",IF(C560<30,"Overweight","Obesity"))) -> Overweight | L560: 1989 | M560: Jul | N560: 10 | O560: =CONCATENATE(N560,"-",M560,"-",L560) -> 10-Jul-1989 | P560: 4890 | Q560: tier - 3 | R560: tier - 2 | S560: R1013 | T560: =DATEDIF(DATEVALUE(SUBSTITUTE(O560,"-"," ")),DATE(2023,6,8),"Y") -> 33
A561: Id560 | B561: Oz | C561: 23.98 | D561: 4.9 | E561: No | F561: No | G561: No | H561: 0 | I561: =IF(D561<5.7,"Normal",IF(D561<=6.4,"Prediabetes","Diabetes")) -> Normal | K561: =IF(C561<18.5,"Underweight",IF(C561<25,"Normal Weight",IF(C561<30,"Overweight","Obesity"))) -> Normal Weight | L561: 1990 | M561: Nov | N561: 28 | O561: =CONCATENATE(N561,"-",M561,"-",L561) -> 28-Nov-1990 | P561: 4894.39 | Q561: tier - 2 | R561: tier - 3 | S561: R1013 | T561: =DATEDIF(DATEVALUE(SUBSTITUTE(O561,"-"," ")),DATE(2023,6,8),"Y") -> 32
A562: Id561 | B562: Erin M | C562: 23.65 | D562: 4.5 | E562: No | F562: No | G562: No | H562: 0 | I562: =IF(D562<5.7,"Normal",IF(D562<=6.4,"Prediabetes","Diabetes")) -> Normal | J562: No | K562: =IF(C562<18.5,"Underweight",IF(C562<25,"Normal Weight",IF(C562<30,"Overweight","Obesity"))) -> Normal Weight | L562: 1988 | M562: Sep | N562: 23 | O562: =CONCATENATE(N562,"-",M562,"-",L562) -> 23-Sep-1988 | P562: 4894.75 | Q562: tier - 3 | R562: tier - 3 | S562: R1012 | T562: =DATEDIF(DATEVALUE(SUBSTITUTE(O562,"-"," ")),DATE(2023,6,8),"Y") -> 34
A563: Id562 | B563: Bobby E | C563: 49.09 | D563: 8.38 | E563: yes | F563: No | G563: No | H563: 2 | I563: =IF(D563<5.7,"Normal",IF(D563<=6.4,"Prediabetes","Diabetes")) -> Diabetes | J563: No | K563: =IF(C563<18.5,"Underweight",IF(C563<25,"Normal Weight",IF(C563<30,"Overweight","Obesity"))) -> Obesity | L563: 1993 | M563: Jul | N563: 10 | O563: =CONCATENATE(N563,"-",M563,"-",L563) -> 10-Jul-1993 | P563: 4906.41 | Q563: tier - 2 | R563: tier - 1 | S563: R1012 | T563: =DATEDIF(DATEVALUE(SUBSTITUTE(O563,"-"," ")),DATE(2023,6,8),"Y") -> 29
A564: Id563 | B564: Daniel P | C564: 28.025 | D564: 7.03 | E564: No | F564: No | G564: No | H564: 0 | I564: =IF(D564<5.7,"Normal",IF(D564<=6.4,"Prediabetes","Diabetes")) -> Diabetes | J564: yes | K564: =IF(C564<18.5,"Underweight",IF(C564<25,"Normal Weight",IF(C564<30,"Overweight","Obesity"))) -> Overweight | L564: 1981 | M564: Oct | N564: 18 | O564: =CONCATENATE(N564,"-",M564,"-",L564) -> 18-Oct-1981 | P564: 4911.89 | Q564: tier - 2 | R564: tier - 3 | S564: R1013 | T564: =DATEDIF(DATEVALUE(SUBSTITUTE(O564,"-"," ")),DATE(2023,6,8),"Y") -> 41
A565: Id564 | B565: Marie E | C565: 43.32 | D565: 8.75 | E565: yes | F565: No | G565: Yes | H565: 1 | I565: =IF(D565<5.7,"Normal",IF(D565<=6.4,"Prediabetes","Diabetes")) -> Diabetes | J565: No | K565: =IF(C565<18.5,"Underweight",IF(C565<25,"Normal Weight",IF(C565<30,"Overweight","Obesity"))) -> Obesity | L565: 2002 | M565: Aug | N565: 21 | O565: =CONCATENATE(N565,"-",M565,"-",L565) -> 21-Aug-2002 | P565: 4915.06 | Q565: tier - 2 | R565: tier - 1 | S565: R1017 | T565: =DATEDIF(DATEVALUE(SUBSTITUTE(O565,"-"," ")),DATE(2023,6,8),"Y") -> 20
A566: Id565 | B566: Katie | C566: 45.92 | D566: 9.51 | E566: No | F566: No | G566: No | H566: 0 | I566: =IF(D566<5.7,"Normal",IF(D566<=6.4,"Prediabetes","Diabetes")) -> Diabetes | J566: No | K566: =IF(C566<18.5,"Underweight",IF(C566<25,"Normal Weight",IF(C566<30,"Overweight","Obesity"))) -> Obesity | L566: 1993 | M566: Aug | N566: 10 | O566: =CONCATENATE(N566,"-",M566,"-",L566) -> 10-Aug-1993 | P566: 4922.92 | Q566: tier - 2 | R566: tier - 2 | S566: R1012 | T566: =DATEDIF(DATEVALUE(SUBSTITUTE(O566,"-"," ")),DATE(2023,6,8),"Y") -> 29
A567: Id566 | B567: Eric D | C567: 44.03 | D567: 9.36 | E567: No | F567: No | G567: No | H567: 0 | I567: =IF(D567<5.7,"Normal",IF(D567<=6.4,"Prediabetes","Diabetes")) -> Diabetes | J567: No | K567: =IF(C567<18.5,"Underweight",IF(C567<25,"Normal Weight",IF(C567<30,"Overweight","Obesity"))) -> Obesity | L567: 1991 | M567: Aug | N567: 23 | O567: =CONCATENATE(N567,"-",M567,"-",L567) -> 23-Aug-1991 | P567: 4931.65 | Q567: tier - 2 | R567: tier - 3 | S567: R1011 | T567: =DATEDIF(DATEVALUE(SUBSTITUTE(O567,"-"," ")),DATE(2023,6,8),"Y") -> 31
A568: Id567 | B568: Tara | C568: 24.6 | D568: 4.81 | E568: No | F568: No | G568: No | H568: 0 | I568: =IF(D568<5.7,"Normal",IF(D568<=6.4,"Prediabetes","Diabetes")) -> Normal | J568: yes | K568: =IF(C568<18.5,"Underweight",IF(C568<25,"Normal Weight",IF(C568<30,"Overweight","Obesity"))) -> Normal Weight | L568: 1991 | M568: Nov | N568: 27 | O568: =CONCATENATE(N568,"-",M568,"-",L568) -> 27-Nov-1991 | P568: 4934.71 | Q568: tier - 2 | R568: tier - 3 | S568: R1011 | T568: =DATEDIF(DATEVALUE(SUBSTITUTE(O568,"-"," ")),DATE(2023,6,8),"Y") -> 31
A569: Id568 | B569: Haley L | C569: 49.15 | D569: 8.08 | E569: No | F569: No | G569: No | H569: 0 | I569: =IF(D569<5.7,"Normal",IF(D569<=6.4,"Prediabetes","Diabetes")) -> Diabetes | J569: No | K569: =IF(C569<18.5,"Underweight",IF(C569<25,"Normal Weight",IF(C569<30,"Overweight","Obesity"))) -> Obesity | L569: 1974 | M569: Jun | N569: 26 | O569: =CONCATENATE(N569,"-",M569,"-",L569) -> 26-Jun-1974 | P569: 4942.06 | Q569: tier - 2 | R569: tier - 2 | S569: R1013 | T569: =DATEDIF(DATEVALUE(SUBSTITUTE(O569,"-"," ")),DATE(2023,6,8),"Y") -> 48
A570: Id569 | B570: Kayla B | C570: 28.31 | D570: 6.29 | E570: No | F570: No | G570: Yes | H570: 1 | I570: =IF(D570<5.7,"Normal",IF(D570<=6.4,"Prediabetes","Diabetes")) -> Prediabetes | J570: yes | K570: =IF(C570<18.5,"Underweight",IF(C570<25,"Normal Weight",IF(C570<30,"Overweight","Obesity"))) -> Overweight | L570: 1991 | M570: Aug | N570: 30 | O570: =CONCATENATE(N570,"-",M570,"-",L570) -> 30-Aug-1991 | P570: 4949.76 | Q570: tier - 2 | R570: tier - 1 | S570: R1013 | T570: =DATEDIF(DATEVALUE(SUBSTITUTE(O570,"-"," ")),DATE(2023,6,8),"Y") -> 31
A571: Id570 | B571: Mark D | C571: 22.99 | D571: 6.29 | E571: No | F571: No | G571: No | H571: 1 | I571: =IF(D571<5.7,"Normal",IF(D571<=6.4,"Prediabetes","Diabetes")) -> Prediabetes | J571: yes | K571: =IF(C571<18.5,"Underweight",IF(C571<25,"Normal Weight",IF(C571<30,"Overweight","Obesity"))) -> Normal Weight | L571: 1973 | M571: Nov | N571: 7 | O571: =CONCATENATE(N571,"-",M571,"-",L571) -> 7-Nov-1973 | P571: 4985.22 | Q571: tier - 2 | R571: tier - 3 | S571: R1013 | T571: =DATEDIF(DATEVALUE(SUBSTITUTE(O571,"-"," ")),DATE(2023,6,8),"Y") -> 49
A572: Id571 | B572: Patrick J | C572: 29.07 | D572: 5.12 | E572: No | F572: No | G572: Yes | H572: 1 | I572: =IF(D572<5.7,"Normal",IF(D572<=6.4,"Prediabetes","Diabetes")) -> Normal | J572: yes | K572: =IF(C572<18.5,"Underweight",IF(C572<25,"Normal Weight",IF(C572<30,"Overweight","Obesity"))) -> Overweight | L572: 1988 | M572: Jun | N572: 24 | O572: =CONCATENATE(N572,"-",M572,"-",L572) -> 24-Jun-1988 | P572: 4992.38 | Q572: tier - 2 | R572: tier - 3 | S572: R1024 | T572: =DATEDIF(DATEVALUE(SUBSTITUTE(O572,"-"," ")),DATE(2023,6,8),"Y") -> 34
A573: Id572 | B573: Alejandro | C573: 42.02 | D573: 9.95 | E573: yes | F573: No | G573: Yes | H573: 1 | I573: =IF(D573<5.7,"Normal",IF(D573<=6.4,"Prediabetes","Diabetes")) -> Diabetes | J573: No | K573: =IF(C573<18.5,"Underweight",IF(C573<25,"Normal Weight",IF(C573<30,"Overweight","Obesity"))) -> Obesity | L573: 2001 | M573: Oct | N573: 5 | O573: =CONCATENATE(N573,"-",M573,"-",L573) -> 5-Oct-2001 | P573: 4999.04 | Q573: tier - 2 | R573: tier - 2 | S573: R1011 | T573: =DATEDIF(DATEVALUE(SUBSTITUTE(O573,"-"," ")),DATE(2023,6,8),"Y") -> 21
... A2336: Id2335 | B2336: Aaron K | C2336: 17.58 | D2336: 4.51 | E2336: No | F2336: No | G2336: No | H2336: 1 | I2336: =IF(D2336<5.7,"Normal",IF(D2336<=6.4,"Prediabetes","Diabetes")) -> Normal | J2336: No | K2336: =IF(C2336<18.5,"Underweight",IF(C2336<25,"Normal Weight",IF(C2336<30,"Overweight","Obesity"))) -> Underweight | L2336: 1963 | M2336: Sep | N2336: 4 | O2336: =CONCATENATE(N2336,"-",M2336,"-",L2336) -> 4-Sep-1963 | P2336: 48970.25 | Q2336: tier - 1 | R2336: tier - 2 | S2336: R1013 | T2336: =DATEDIF(DATEVALUE(SUBSTITUTE(O2336,"-"," ")),DATE(2023,6,8),"Y") -> 59

Sheet pie charts
A1: Row Labels | B1: Count of smoker
A2: No | B2: 1944
A3: Yes | B3: 391 | E3: Row Labels | F3: Sum of HBA1C
A4: Grand Total | B4: 2335 | E4: 0 | F4: 7628.77
E5: 1 | F5: 5608.25
E6: 2 | F6: 1923.78
E7: 3 | F7: 201.16
E8: Grand Total | F8: 15361.96

Sheet USING V LOOKUP
A1: Customer ID | B1: First name | C1: BMI | D1: HBA1C | E1: Heart Issues | F1: Any Transplants | G1: Cancer history | H1: NumberOfMajorSurgeries | I1: Diabetes status | J1: smoker | K1: Weight status | L1: year | M1: month | N1: date | O1: Date of birth | P1: charges | Q1: Hospital tier | R1: City tier | S1: State ID | T1: Age
A2: =VLOOKUP('combained table'!A2,'combained table'!A2:T2336,1,FALSE) -> Id1 | B2: =VLOOKUP('combained table'!B2,'combained table'!B2:T2336,1,FALSE) -> Kelly | C2: =VLOOKUP('combained table'!C2,'combained table'!C2:T2336,1,FALSE) -> 47.41 | D2: =VLOOKUP('combained table'!D2,'combained table'!D2:T2336,1,FALSE) -> 7.47 | E2: =VLOOKUP('combained table'!E2,'combained table'!E2:T2336,1,FALSE) -> No | F2: =VLOOKUP('combained table'!F2,'combained table'!F2:T2336,1,FALSE) -> No | G2: =VLOOKUP('combained table'!G2,'combained table'!G2:T2336,1,FALSE) -> No | H2: =VLOOKUP('combained table'!H2,'combained table'!H2:T2336,1,FALSE) -> 0 | I2: =VLOOKUP('combained table'!I2,'combained table'!I2:T2336,1,FALSE) -> Diabetes | J2: =VLOOKUP('combained table'!J2,'combained table'!J2:T2336,1,FALSE) -> yes | K2: =VLOOKUP('combained table'!K2,'combained table'!K2:T2336,1,FALSE) -> Obesity | L2: =VLOOKUP('combained table'!L2,'combained table'!L2:T2336,1,FALSE) -> 1992 | M2: =VLOOKUP('combained table'!M2,'combained table'!M2:T2336,1,FALSE) -> Jul | N2: =VLOOKUP('combained table'!N2,'combained table'!N2:T2336,1,FALSE) -> 9 | O2: =VLOOKUP('combained table'!O2,'combained table'!O2:T2336,1,FALSE) -> 9-Jul-1992 | P2: =VLOOKUP('combained table'!P2,'combained table'!P2:T2336,1,FALSE) -> 563.84 | Q2: =VLOOKUP('combained table'!Q2,'combained table'!Q2:T2336,1,FALSE) -> tier - 2 | R2: =VLOOKUP('combained table'!R2,'combained table'!R2:T2336,1,FALSE) -> tier - 3 | S2: =VLOOKUP('combained table'!S2,'combained table'!S2:T2336,1,FALSE) -> R1013 | T2: =VLOOKUP('combained table'!T2,'combained table'!T2:T2336,1,FALSE) -> 30
A3: =VLOOKUP('combained table'!A3,'combained table'!A3:T2337,1,FALSE) -> Id2 | B3: =VLOOKUP('combained table'!B3,'combained table'!B3:T2337,1,FALSE) -> Matthew D | C3: =VLOOKUP('combained table'!C3,'combained table'!C3:T2337,1,FALSE) -> 30.36 | D3: =VLOOKUP('combained table'!D3,'combained table'!D3:T2337,1,FALSE) -> 5.77 | E3: =VLOOKUP('combained table'!E3,'combained table'!E3:T2337,1,FALSE) -> No | F3: =VLOOKUP('combained table'!F3,'combained table'!F3:T2337,1,FALSE) -> No | G3: =VLOOKUP('combained table'!G3,'combained table'!G3:T2337,1,FALSE) -> No | H3: =VLOOKUP('combained table'!H3,'combained table'!H3:T2337,1,FALSE) -> 0 | I3: =VLOOKUP('combained table'!I3,'combained table'!I3:T2337,1,FALSE) -> Prediabetes | J3: =VLOOKUP('combained table'!J3,'combained table'!J3:T2337,1,FALSE) -> yes | K3: =VLOOKUP('combained table'!K3,'combained table'!K3:T2337,1,FALSE) -> Obesity | L3: =VLOOKUP('combained table'!L3,'combained table'!L3:T2337,1,FALSE) -> 1992 | M3: =VLOOKUP('combained table'!M3,'combained table'!M3:T2337,1,FALSE) -> Nov | N3: =VLOOKUP('combained table'!N3,'combained table'!N3:T2337,1,FALSE) -> 30 | O3: =VLOOKUP('combained table'!O3,'combained table'!O3:T2337,1,FALSE) -> 30-Nov-1992 | P3: =VLOOKUP('combained table'!P3,'combained table'!P3:T2337,1,FALSE) -> 570.62 | Q3: =VLOOKUP('combained table'!Q3,'combained table'!Q3:T2337,1,FALSE) -> tier - 2 | R3: =VLOOKUP('combained table'!R3,'combained table'!R3:T2337,1,FALSE) -> tier - 1 | S3: =VLOOKUP('combained table'!S3,'combained table'!S3:T2337,1,FALSE) -> R1013 | T3: =VLOOKUP('combained table'!T3,'combained table'!T3:T2337,1,FALSE) -> 30
A4: =VLOOKUP('combained table'!A4,'combained table'!A4:T2338,1,FALSE) -> Id3 | B4: =VLOOKUP('combained table'!B4,'combained table'!B4:T2338,1,FALSE) -> Phil | C4: =VLOOKUP('combained table'!C4,'combained table'!C4:T2338,1,FALSE) -> 34.485 | D4: =VLOOKUP('combained table'!D4,'combained table'!D4:T2338,1,FALSE) -> 11.87 | E4: =VLOOKUP('combained table'!E4,'combained table'!E4:T2338,1,FALSE) -> yes | F4: =VLOOKUP('combained table'!F4,'combained table'!F4:T2338,1,FALSE) -> No | G4: =VLOOKUP('combained table'!G4,'combained table'!G4:T2338,1,FALSE) -> No | H4: =VLOOKUP('combained table'!H4,'combained table'!H4:T2338,1,FALSE) -> 2 | I4: =VLOOKUP('combained table'!I4,'combained table'!I4:T2338,1,FALSE) -> Diabetes | J4: =VLOOKUP('combained table'!J4,'combained table'!J4:T2338,1,FALSE) -> yes | K4: =VLOOKUP('combained table'!K4,'combained table'!K4:T2338,1,FALSE) -> Obesity | L4: =VLOOKUP('combained table'!L4,'combained table'!L4:T2338,1,FALSE) -> 1993 | M4: =VLOOKUP('combained table'!M4,'combained table'!M4:T2338,1,FALSE) -> Jun | N4: =VLOOKUP('combained table'!N4,'combained table'!N4:T2338,1,FALSE) -> 30 | O4: =VLOOKUP('combained table'!O4,'combained table'!O4:T2338,1,FALSE) -> 30-Jun-1993 | P4: =VLOOKUP('combained table'!P4,'combained table'!P4:T2338,1,FALSE) -> 600 | Q4: =VLOOKUP('combained table'!Q4,'combained table'!Q4:T2338,1,FALSE) -> tier - 2 | R4: =VLOOKUP('combained table'!R4,'combained table'!R4:T2338,1,FALSE) -> tier - 1 | S4: =VLOOKUP('combained table'!S4,'combained table'!S4:T2338,1,FALSE) -> R1013 | T4: =VLOOKUP('combained table'!T4,'combained table'!T4:T2338,1,FALSE) -> 29
A5: =VLOOKUP('combained table'!A5,'combained table'!A5:T2339,1,FALSE) -> Id4 | B5: =VLOOKUP('combained table'!B5,'combained table'!B5:T2339,1,FALSE) -> Kelsey | C5: =VLOOKUP('combained table'!C5,'combained table'!C5:T2339,1,FALSE) -> 38.095 | D5: =VLOOKUP('combained table'!D5,'combained table'!D5:T2339,1,FALSE) -> 6.05 | E5: =VLOOKUP('combained table'!E5,'combained table'!E5:T2339,1,FALSE) -> No | F5: =VLOOKUP('combained table'!F5,'combained table'!F5:T2339,1,FALSE) -> No | G5: =VLOOKUP('combained table'!G5,'combained table'!G5:T2339,1,FALSE) -> No | H5: =VLOOKUP('combained table'!H5,'combained table'!H5:T2339,1,FALSE) -> 0 | I5: =VLOOKUP('combained table'!I5,'combained table'!I5:T2339,1,FALSE) -> Prediabetes | J5: =VLOOKUP('combained table'!J5,'combained table'!J5:T2339,1,FALSE) -> yes | K5: =VLOOKUP('combained table'!K5,'combained table'!K5:T2339,1,FALSE) -> Obesity | L5: =VLOOKUP('combained table'!L5,'combained table'!L5:T2339,1,FALSE) -> 1992 | M5: =VLOOKUP('combained table'!M5,'combained table'!M5:T2339,1,FALSE) -> Sep | N5: =VLOOKUP('combained table'!N5,'combained table'!N5:T2339,1,FALSE) -> 13 | O5: =VLOOKUP('combained table'!O5,'combained table'!O5:T2339,1,FALSE) -> 13-Sep-1992 | P5: =VLOOKUP('combained table'!P5,'combained table'!P5:T2339,1,FALSE) -> 604.54 | Q5: =VLOOKUP('combained table'!Q5,'combained table'!Q5:T2339,1,FALSE) -> tier - 3 | R5: =VLOOKUP('combained table'!R5,'combained table'!R5:T2339,1,FALSE) -> tier - 3 | S5: =VLOOKUP('combained table'!S5,'combained table'!S5:T2339,1,FALSE) -> R1013 | T5: =VLOOKUP('combained table'!T5,'combained table'!T5:T2339,1,FALSE) -> 30
A6: =VLOOKUP('combained table'!A6,'combained table'!A6:T2340,1,FALSE) -> Id5 | B6: =VLOOKUP('combained table'!B6,'combained table'!B6:T2340,1,FALSE) -> Kristyn | C6: =VLOOKUP('combained table'!C6,'combained table'!C6:T2340,1,FALSE) -> 35.53 | D6: =VLOOKUP('combained table'!D6,'combained table'!D6:T2340,1,FALSE) -> 5.45 | E6: =VLOOKUP('combained table'!E6,'combained table'!E6:T2340,1,FALSE) -> No | F6: =VLOOKUP('combained table'!F6,'combained table'!F6:T2340,1,FALSE) -> No | G6: =VLOOKUP('combained table'!G6,'combained table'!G6:T2340,1,FALSE) -> No | H6: =VLOOKUP('combained table'!H6,'combained table'!H6:T2340,1,FALSE) -> 0 | I6: =VLOOKUP('combained table'!I6,'combained table'!I6:T2340,1,FALSE) -> Normal | J6: =VLOOKUP('combained table'!J6,'combained table'!J6:T2340,1,FALSE) -> yes | K6: =VLOOKUP('combained table'!K6,'combained table'!K6:T2340,1,FALSE) -> Obesity | L6: =VLOOKUP('combained table'!L6,'combained table'!L6:T2340,1,FALSE) -> 1998 | M6: =VLOOKUP('combained table'!M6,'combained table'!M6:T2340,1,FALSE) -> Jul | N6: =VLOOKUP('combained table'!N6,'combained table'!N6:T2340,1,FALSE) -> 27 | O6: =VLOOKUP('combained table'!O6,'combained table'!O6:T2340,1,FALSE) -> 27-Jul-1998 | P6: =VLOOKUP('combained table'!P6,'combained table'!P6:T2340,1,FALSE) -> 637.26 | Q6: =VLOOKUP('combained table'!Q6,'combained table'!Q6:T2340,1,FALSE) -> tier - 3 | R6: =VLOOKUP('combained table'!R6,'combained table'!R6:T2340,1,FALSE) -> tier - 3 | S6: =VLOOKUP('combained table'!S6,'combained table'!S6:T2340,1,FALSE) -> R1013 | T6: =VLOOKUP('combained table'!T6,'combained table'!T6:T2340,1,FALSE) -> 24
A7: =VLOOKUP('combained table'!A7,'combained table'!A7:T2341,1,FALSE) -> Id6 | B7: =VLOOKUP('combained table'!B7,'combained table'!B7:T2341,1,FALSE) -> Russell B | C7: =VLOOKUP('combained table'!C7,'combained table'!C7:T2341,1,FALSE) -> 32.8 | D7: =VLOOKUP('combained table'!D7,'combained table'!D7:T2341,1,FALSE) -> 6.59 | E7: =VLOOKUP('combained table'!E7,'combained table'!E7:T2341,1,FALSE) -> No | F7: =VLOOKUP('combained table'!F7,'combained table'!F7:T2341,1,FALSE) -> No | G7: =VLOOKUP('combained table'!G7,'combained table'!G7:T2341,1,FALSE) -> No | H7: =VLOOKUP('combained table'!H7,'combained table'!H7:T2341,1,FALSE) -> 0 | I7: =VLOOKUP('combained table'!I7,'combained table'!I7:T2341,1,FALSE) -> Diabetes | J7: =VLOOKUP('combained table'!J7,'combained table'!J7:T2341,1,FALSE) -> yes | K7: =VLOOKUP('combained table'!K7,'combained table'!K7:T2341,1,FALSE) -> Obesity | L7: =VLOOKUP('combained table'!L7,'combained table'!L7:T2341,1,FALSE) -> 2001 | M7: =VLOOKUP('combained table'!M7,'combained table'!M7:T2341,1,FALSE) -> Nov | N7: =VLOOKUP('combained table'!N7,'combained table'!N7:T2341,1,FALSE) -> 20 | O7: =VLOOKUP('combained table'!O7,'combained table'!O7:T2341,1,FALSE) -> 20-Nov-2001 | P7: =VLOOKUP('combained table'!P7,'combained table'!P7:T2341,1,FALSE) -> 646.14 | Q7: =VLOOKUP('combained table'!Q7,'combained table'!Q7:T2341,1,FALSE) -> tier - 3 | R7: =VLOOKUP('combained table'!R7,'combained table'!R7:T2341,1,FALSE) -> tier - 3 | S7: =VLOOKUP('combained table'!S7,'combained table'!S7:T2341,1,FALSE) -> R1012 | T7: =VLOOKUP('combained table'!T7,'combained table'!T7:T2341,1,FALSE) -> 21
A8: =VLOOKUP('combained table'!A8,'combained table'!A8:T2342,1,FALSE) -> Id7 | B8: =VLOOKUP('combained table'!B8,'combained table'!B8:T2342,1,FALSE) -> Scott | C8: =VLOOKUP('combained table'!C8,'combained table'!C8:T2342,1,FALSE) -> 36.4 | D8: =VLOOKUP('combained table'!D8,'combained table'!D8:T2342,1,FALSE) -> 6.07 | E8: =VLOOKUP('combained table'!E8,'combained table'!E8:T2342,1,FALSE) -> No | F8: =VLOOKUP('combained table'!F8,'combained table'!F8:T2342,1,FALSE) -> No | G8: =VLOOKUP('combained table'!G8,'combained table'!G8:T2342,1,FALSE) -> No | H8: =VLOOKUP('combained table'!H8,'combained table'!H8:T2342,1,FALSE) -> 0 | I8: =VLOOKUP('combained table'!I8,'combained table'!I8:T2342,1,FALSE) -> Prediabetes | J8: =VLOOKUP('combained table'!J8,'combained table'!J8:T2342,1,FALSE) -> yes | K8: =VLOOKUP('combained table'!K8,'combained table'!K8:T2342,1,FALSE) -> Obesity | L8: =VLOOKUP('combained table'!L8,'combained table'!L8:T2342,1,FALSE) -> 1993 | M8: =VLOOKUP('combained table'!M8,'combained table'!M8:T2342,1,FALSE) -> Jun | N8: =VLOOKUP('combained table'!N8,'combained table'!N8:T2342,1,FALSE) -> 1 | O8: =VLOOKUP('combained table'!O8,'combained table'!O8:T2342,1,FALSE) -> 1-Jun-1993 | P8: =VLOOKUP('combained table'!P8,'combained table'!P8:T2342,1,FALSE) -> 650 | Q8: =VLOOKUP('combained table'!Q8,'combained table'!Q8:T2342,1,FALSE) -> tier - 3 | R8: =VLOOKUP('combained table'!R8,'combained table'!R8:T2342,1,FALSE) -> tier - 3 | S8: =VLOOKUP('combained table'!S8,'combained table'!S8:T2342,1,FALSE) -> R1013 | T8: =VLOOKUP('combained table'!T8,'combained table'!T8:T2342,1,FALSE) -> 30
A9: =VLOOKUP('combained table'!A9,'combained table'!A9:T2343,1,FALSE) -> Id8 | B9: =VLOOKUP('combained table'!B9,'combained table'!B9:T2343,1,FALSE) -> Stephen | C9: =VLOOKUP('combained table'!C9,'combained table'!C9:T2343,1,FALSE) -> 36.96 | D9: =VLOOKUP('combained table'!D9,'combained table'!D9:T2343,1,FALSE) -> 7.93 | E9: =VLOOKUP('combained table'!E9,'combained table'!E9:T2343,1,FALSE) -> No | F9: =VLOOKUP('combained table'!F9,'combained table'!F9:T2343,1,FALSE) -> No | G9: =VLOOKUP('combained table'!G9,'combained table'!G9:T2343,1,FALSE) -> No | H9: =VLOOKUP('combained table'!H9,'combained table'!H9:T2343,1,FALSE) -> 3 | I9: =VLOOKUP('combained table'!I9,'combained table'!I9:T2343,1,FALSE) -> Diabetes | J9: =VLOOKUP('combained table'!J9,'combained table'!J9:T2343,1,FALSE) -> yes | K9: =VLOOKUP('combained table'!K9,'combained table'!K9:T2343,1,FALSE) -> Obesity | L9: =VLOOKUP('combained table'!L9,'combained table'!L9:T2343,1,FALSE) -> 1995 | M9: =VLOOKUP('combained table'!M9,'combained table'!M9:T2343,1,FALSE) -> Jul | N9: =VLOOKUP('combained table'!N9,'combained table'!N9:T2343,1,FALSE) -> 4 | O9: =VLOOKUP('combained table'!O9,'combained table'!O9:T2343,1,FALSE) -> 4-Jul-1995 | P9: =VLOOKUP('combained table'!P9,'combained table'!P9:T2343,1,FALSE) -> 650 | Q9: =VLOOKUP('combained table'!Q9,'combained table'!Q9:T2343,1,FALSE) -> tier - 3 | R9: =VLOOKUP('combained table'!R9,'combained table'!R9:T2343,1,FALSE) -> tier - 3 | S9: =VLOOKUP('combained table'!S9,'combained table'!S9:T2343,1,FALSE) -> R1013 | T9: =VLOOKUP('combained table'!T9,'combained table'!T9:T2343,1,FALSE) -> 27
A10: =VLOOKUP('combained table'!A10,'combained table'!A10:T2344,1,FALSE) -> Id9 | B10: =VLOOKUP('combained table'!B10,'combained table'!B10:T2344,1,FALSE) -> Patrick R | C10: =VLOOKUP('combained table'!C10,'combained table'!C10:T2344,1,FALSE) -> 41.14 | D10: =VLOOKUP('combained table'!D10,'combained table'!D10:T2344,1,FALSE) -> 9.58 | E10: =VLOOKUP('combained table'!E10,'combained table'!E10:T2344,1,FALSE) -> yes | F10: =VLOOKUP('combained table'!F10,'combained table'!F10:T2344,1,FALSE) -> No | G10: =VLOOKUP('combained table'!G10,'combained table'!G10:T2344,1,FALSE) -> Yes | H10: =VLOOKUP('combained table'!H10,'combained table'!H10:T2344,1,FALSE) -> 1 | I10: =VLOOKUP('combained table'!I10,'combained table'!I10:T2344,1,FALSE) -> Diabetes | J10: =VLOOKUP('combained table'!J10,'combained table'!J10:T2344,1,FALSE) -> yes | K10: =VLOOKUP('combained table'!K10,'combained table'!K10:T2344,1,FALSE) -> Obesity | L10: =VLOOKUP('combained table'!L10,'combained table'!L10:T2344,1,FALSE) -> 2002 | M10: =VLOOKUP('combained table'!M10,'combained table'!M10:T2344,1,FALSE) -> Nov | N10: =VLOOKUP('combained table'!N10,'combained table'!N10:T2344,1,FALSE) -> 29 | O10: =VLOOKUP('combained table'!O10,'combained table'!O10:T2344,1,FALSE) -> 29-Nov-2002 | P10: =VLOOKUP('combained table'!P10,'combained table'!P10:T2344,1,FALSE) -> 668 | Q10: =VLOOKUP('combained table'!Q10,'combained table'!Q10:T2344,1,FALSE) -> tier - 3 | R10: =VLOOKUP('combained table'!R10,'combained table'!R10:T2344,1,FALSE) -> tier - 2 | S10: =VLOOKUP('combained table'!S10,'combained table'!S10:T2344,1,FALSE) -> R1012 | T10: =VLOOKUP('combained table'!T10,'combained table'!T10:T2344,1,FALSE) -> 20
A11: =VLOOKUP('combained table'!A11,'combained table'!A11:T2345,1,FALSE) -> Id10 | B11: =VLOOKUP('combained table'!B11,'combained table'!B11:T2345,1,FALSE) -> Brooke N | C11: =VLOOKUP('combained table'!C11,'combained table'!C11:T2345,1,FALSE) -> 38.06 | D11: =VLOOKUP('combained table'!D11,'combained table'!D11:T2345,1,FALSE) -> 10.79 | E11: =VLOOKUP('combained table'!E11,'combained table'!E11:T2345,1,FALSE) -> No | F11: =VLOOKUP('combained table'!F11,'combained table'!F11:T2345,1,FALSE) -> No | G11: =VLOOKUP('combained table'!G11,'combained table'!G11:T2345,1,FALSE) -> No | H11: =VLOOKUP('combained table'!H11,'combained table'!H11:T2345,1,FALSE) -> 0 | I11: =VLOOKUP('combained table'!I11,'combained table'!I11:T2345,1,FALSE) -> Diabetes | J11: =VLOOKUP('combained table'!J11,'combained table'!J11:T2345,1,FALSE) -> yes | K11: =VLOOKUP('combained table'!K11,'combained table'!K11:T2345,1,FALSE) -> Obesity | L11: =VLOOKUP('combained table'!L11,'combained table'!L11:T2345,1,FALSE) -> 1997 | M11: =VLOOKUP('combained table'!M11,'combained table'!M11:T2345,1,FALSE) -> Nov | N11: =VLOOKUP('combained table'!N11,'combained table'!N11:T2345,1,FALSE) -> 9 | O11: =VLOOKUP('combained table'!O11,'combained table'!O11:T2345,1,FALSE) -> 9-Nov-1997 | P11: =VLOOKUP('combained table'!P11,'combained table'!P11:T2345,1,FALSE) -> 670 | Q11: =VLOOKUP('combained table'!Q11,'combained table'!Q11:T2345,1,FALSE) -> tier - 3 | R11: =VLOOKUP('combained table'!R11,'combained table'!R11:T2345,1,FALSE) -> tier - 3 | S11: =VLOOKUP('combained table'!S11,'combained table'!S11:T2345,1,FALSE) -> R1013 | T11: =VLOOKUP('combained table'!T11,'combained table'!T11:T2345,1,FALSE) -> 25
A12: =VLOOKUP('combained table'!A12,'combained table'!A12:T2346,1,FALSE) -> Id11 | B12: =VLOOKUP('combained table'!B12,'combained table'!B12:T2346,1,FALSE) -> Paola Andrea | C12: =VLOOKUP('combained table'!C12,'combained table'!C12:T2346,1,FALSE) -> 37.7 | D12: =VLOOKUP('combained table'!D12,'combained table'!D12:T2346,1,FALSE) -> 5.96 | E12: =VLOOKUP('combained table'!E12,'combained table'!E12:T2346,1,FALSE) -> yes | F12: =VLOOKUP('combained table'!F12,'combained table'!F12:T2346,1,FALSE) -> No | G12: =VLOOKUP('combained table'!G12,'combained table'!G12:T2346,1,FALSE) -> No | H12: =VLOOKUP('combained table'!H12,'combained table'!H12:T2346,1,FALSE) -> 2 | I12: =VLOOKUP('combained table'!I12,'combained table'!I12:T2346,1,FALSE) -> Prediabetes | J12: =VLOOKUP('combained table'!J12,'combained table'!J12:T2346,1,FALSE) -> yes | K12: =VLOOKUP('combained table'!K12,'combained table'!K12:T2346,1,FALSE) -> Obesity | L12: =VLOOKUP('combained table'!L12,'combained table'!L12:T2346,1,FALSE) -> 2001 | M12: =VLOOKUP('combained table'!M12,'combained table'!M12:T2346,1,FALSE) -> Sep | N12: =VLOOKUP('combained table'!N12,'combained table'!N12:T2346,1,FALSE) -> 12 | O12: =VLOOKUP('combained table'!O12,'combained table'!O12:T2346,1,FALSE) -> 12-Sep-2001 | P12: =VLOOKUP('combained table'!P12,'combained table'!P12:T2346,1,FALSE) -> 687.54 | Q12: =VLOOKUP('combained table'!Q12,'combained table'!Q12:T2346,1,FALSE) -> tier - 3 | R12: =VLOOKUP('combained table'!R12,'combained table'!R12:T2346,1,FALSE) -> tier - 2 | S12: =VLOOKUP('combained table'!S12,'combained table'!S12:T2346,1,FALSE) -> R1013 | T12: =VLOOKUP('combained table'!T12,'combained table'!T12:T2346,1,FALSE) -> 21
A13: =VLOOKUP('combained table'!A13,'combained table'!A13:T2347,1,FALSE) -> Id12 | B13: =VLOOKUP('combained table'!B13,'combained table'!B13:T2347,1,FALSE) -> David | C13: =VLOOKUP('combained table'!C13,'combained table'!C13:T2347,1,FALSE) -> 42.13 | D13: =VLOOKUP('combained table'!D13,'combained table'!D13:T2347,1,FALSE) -> 11.9 | E13: =VLOOKUP('combained table'!E13,'combained table'!E13:T2347,1,FALSE) -> No | F13: =VLOOKUP('combained table'!F13,'combained table'!F13:T2347,1,FALSE) -> No | G13: =VLOOKUP('combained table'!G13,'combained table'!G13:T2347,1,FALSE) -> No | H13: =VLOOKUP('combained table'!H13,'combained table'!H13:T2347,1,FALSE) -> 0 | I13: =VLOOKUP('combained table'!I13,'combained table'!I13:T2347,1,FALSE) -> Diabetes | J13: =VLOOKUP('combained table'!J13,'combained table'!J13:T2347,1,FALSE) -> yes | K13: =VLOOKUP('combained table'!K13,'combained table'!K13:T2347,1,FALSE) -> Obesity | L13: =VLOOKUP('combained table'!L13,'combained table'!L13:T2347,1,FALSE) -> 1999 | M13: =VLOOKUP('combained table'!M13,'combained table'!M13:T2347,1,FALSE) -> Dec | N13: =VLOOKUP('combained table'!N13,'combained table'!N13:T2347,1,FALSE) -> 26 | O13: =VLOOKUP('combained table'!O13,'combained table'!O13:T2347,1,FALSE) -> 26-Dec-1999 | P13: =VLOOKUP('combained table'!P13,'combained table'!P13:T2347,1,FALSE) -> 700 | Q13: =VLOOKUP('combained table'!Q13,'combained table'!Q13:T2347,1,FALSE) -> No value | R13: =VLOOKUP('combained table'!R13,'combained table'!R13:T2347,1,FALSE) -> tier - 3 | S13: =VLOOKUP('combained table'!S13,'combained table'!S13:T2347,1,FALSE) -> R1013 | T13: =VLOOKUP('combained table'!T13,'combained table'!T13:T2347,1,FALSE) -> 23
... A2336: =VLOOKUP('combained table'!A2336,'combained table'!A2336:T4670,1,FALSE) -> Id2335 | B2336: =VLOOKUP('combained table'!B2336,'combained table'!B2336:T4670,1,FALSE) -> Aaron K | C2336: =VLOOKUP('combained table'!C2336,'combained table'!C2336:T4670,1,FALSE) -> 17.58 | D2336: =VLOOKUP('combained table'!D2336,'combained table'!D2336:T4670,1,FALSE) -> 4.51 | E2336: =VLOOKUP('combained table'!E2336,'combained table'!E2336:T4670,1,FALSE) -> No | F2336: =VLOOKUP('combained table'!F2336,'combained table'!F2336:T4670,1,FALSE) -> No | G2336: =VLOOKUP('combained table'!G2336,'combained table'!G2336:T4670,1,FALSE) -> No | H2336: =VLOOKUP('combained table'!H2336,'combained table'!H2336:T4670,1,FALSE) -> 1 | I2336: =VLOOKUP('combained table'!I2336,'combained table'!I2336:T4670,1,FALSE) -> Normal | J2336: =VLOOKUP('combained table'!J2336,'combained table'!J2336:T4670,1,FALSE) -> No | K2336: =VLOOKUP('combained table'!K2336,'combained table'!K2336:T4670,1,FALSE) -> Underweight | L2336: =VLOOKUP('combained table'!L2336,'combained table'!L2336:T4670,1,FALSE) -> 1963 | M2336: =VLOOKUP('combained table'!M2336,'combained table'!M2336:T4670,1,FALSE) -> Sep | N2336: =VLOOKUP('combained table'!N2336,'combained table'!N2336:T4670,1,FALSE) -> 4 | O2336: =VLOOKUP('combained table'!O2336,'combained table'!O2336:T4670,1,FALSE) -> 4-Sep-1963 | P2336: =VLOOKUP('combained table'!P2336,'combained table'!P2336:T4670,1,FALSE) -> 48970.25 | Q2336: =VLOOKUP('combained table'!Q2336,'combained table'!Q2336:T4670,1,FALSE) -> tier - 1 | R2336: =VLOOKUP('combained table'!R2336,'combained table'!R2336:T4670,1,FALSE) -> tier - 2 | S2336: =VLOOKUP('combained table'!S2336,'combained table'!S2336:T4670,1,FALSE) -> R1013 | T2336: =VLOOKUP('combained table'!T2336,'combained table'!T2336:T4670,1,FALSE) -> 59

Sheet bar chart
A1: Row Labels | B1: Sum of charges
A2: Overweight | B2: 6844970.3
A3: Diabetes | B3: 1555305.7
A4: Normal | B4: 3629088.6
A5: Prediabetes | B5: 1660576
A6: Underweight | B6: 4116016
A7: Diabetes | B7: 1178108.7
A8: Normal | B8: 2202772.4
A9: Prediabetes | B9: 735134.98
A10: Grand Total | B10: 10960986
A19: State ID | B19: (All)
A21: Row Labels | B21: Average of charges
A22: tier - 1 | B22: 29602.752
A23: tier - 2 | B23: 11807.493
A24: tier - 3 | B24: 9450.2733
A25: Grand Total | B25: 13416.77

Sheet line chart
A1: HBA1C | B1: (All)
A3: Row Labels | B3: Sum of BMI | M3: Row Labels | N3: Sum of charges
A4: 18 | B4: 3311.28 | M4: 18 | N4: 656903.47
A5: 19 | B5: 2929.185 | M5: 19 | N5: 832238.07
A6: 20 | B6: 1940.73 | M6: 20 | N6: 429864
A7: 21 | B7: 1345.63 | M7: 21 | N7: 224224.76
A8: 22 | B8: 1782.455 | M8: 22 | N8: 545509.67
A9: 23 | B9: 1710.15 | M9: 23 | N9: 557421.87
A10: 24 | B10: 1477.805 | M10: 24 | N10: 449216.28
A11: 25 | B11: 1859.82 | M11: 25 | N11: 523538.56
A12: 26 | B12: 1379.985 | M12: 26 | N12: 260505.82
A13: 27 | B13: 1599.98 | M13: 27 | N13: 604158.33
A14: 28 | B14: 1742.395 | M14: 28 | N14: 465115.11
A15: 29 | B15: 1692.005 | M15: 29 | N15: 525484.4
... A51: 65 | B51: 22.61 | M51: 65 | N51: 29330.98
A52: Grand Total | B52: 72321.135 | M52: Grand Total | N52: 31315442

Sheet dashboard
